filename,is_illegal
session_0003960194.csv,1
session_0005840196.csv,0
session_0025450757.csv,0
session_0029922803.csv,0
session_0064281061.csv,1
session_0071280153.csv,0
session_0080153528.csv,1
session_0083463746.csv,0
session_0101735014.csv,0
session_0111356050.csv,1
session_0126772600.csv,1
session_0128859274.csv,1
session_0139259699.csv,0
session_0147719489.csv,1
session_0148970615.csv,0
session_0155746039.csv,0
session_0166199610.csv,0
session_0170625567.csv,1
session_0172860263.csv,1
session_0172989910.csv,1
session_0195566274.csv,0
session_0200062241.csv,0
session_0223955219.csv,0
session_0228122983.csv,1
session_0233596484.csv,1
session_0244684556.csv,0
session_0249395771.csv,1
session_0270940804.csv,0
session_0280517098.csv,1
session_0305187451.csv,1
session_0305606782.csv,1
session_0326724732.csv,1
session_0334337435.csv,0
session_0376544801.csv,1
session_0379715237.csv,0
session_0402994139.csv,1
session_0408822104.csv,1
session_0458723853.csv,0
session_0462903577.csv,1
session_0477165267.csv,0
session_0482518942.csv,0
session_0486100880.csv,1
session_0489826159.csv,0
session_0493270999.csv,1
session_0508486473.csv,1
session_0510101673.csv,0
session_0510406466.csv,0
session_0512046694.csv,1
session_0537801506.csv,0
session_0542118784.csv,1
session_0590731055.csv,1
session_0593223632.csv,0
session_0611188910.csv,0
session_0612796637.csv,1
session_0626697371.csv,0
session_0647531474.csv,1
session_0668352196.csv,1
session_0697506648.csv,0
session_0718520474.csv,1
session_0719528275.csv,1
session_0733542929.csv,1
session_0743065918.csv,0
session_0750796173.csv,1
session_0770188364.csv,0
session_0797370695.csv,0
session_0799578885.csv,0
session_0812869833.csv,0
session_0815666379.csv,0
session_0831009063.csv,0
session_0838891042.csv,0
session_0841557171.csv,1
session_0843115603.csv,1
session_0844521549.csv,0
session_0859353781.csv,1
session_0861337889.csv,1
session_0864574884.csv,0
session_0867569021.csv,1
session_0893120027.csv,0
session_0900979755.csv,0
session_0953745782.csv,1
session_0966487358.csv,0
session_0984393142.csv,1
session_0989732540.csv,1
session_1016856509.csv,0
session_1063325046.csv,1
session_1065465945.csv,0
session_1067162598.csv,1
session_1076519237.csv,0
session_1081274523.csv,1
session_1129865931.csv,0
session_1149922141.csv,1
session_1164286300.csv,0
session_1177848198.csv,0
session_1178629549.csv,0
session_1193964670.csv,0
session_1196335015.csv,1
session_1244242475.csv,0
session_1256331958.csv,0
session_1271171766.csv,1
session_1273150073.csv,0
session_1281792837.csv,0
session_1306722148.csv,0
session_1311858241.csv,0
session_1316321566.csv,1
session_1324126678.csv,0
session_1334666365.csv,0
session_1376706431.csv,1
session_1386411131.csv,1
session_1388817097.csv,1
session_1414301302.csv,1
session_1421795197.csv,0
session_1427407488.csv,0
session_1428731346.csv,1
session_1468258531.csv,0
session_1474073005.csv,0
session_1484409764.csv,0
session_1498771725.csv,0
session_1503605581.csv,1
session_1535403881.csv,1
session_1553613542.csv,1
session_1567411744.csv,0
session_1581692104.csv,1
session_1618522149.csv,1
session_1619535766.csv,0
session_1649882646.csv,1
session_1653923890.csv,0
session_1656689994.csv,1
session_1667382627.csv,0
session_1708671050.csv,1
session_1717253391.csv,0
session_1750509621.csv,1
session_1778570235.csv,0
session_1783392506.csv,0
session_1799284692.csv,1
session_1806185715.csv,0
session_1809941518.csv,0
session_1814762834.csv,0
session_1819563622.csv,0
session_1824070206.csv,0
session_1843905203.csv,0
session_1854610785.csv,1
session_1868010893.csv,0
session_1876247964.csv,0
session_1881356230.csv,0
session_1893250984.csv,1
session_1896830251.csv,0
session_1924699326.csv,0
session_1928096865.csv,1
session_1967235442.csv,0
session_1968614536.csv,1
session_1970148824.csv,0
session_1976172513.csv,1
session_2007540735.csv,0
session_2020107805.csv,1
session_2035629884.csv,0
session_2037079652.csv,1
session_2046923002.csv,1
session_2064160756.csv,1
session_2069574400.csv,0
session_2083267904.csv,0
session_2092170870.csv,1
session_2099251918.csv,0
session_2110642502.csv,0
session_2116060291.csv,1
session_2177337196.csv,1
session_2189267771.csv,0
session_2194913037.csv,0
session_2203453961.csv,1
session_2211907871.csv,0
session_2222178768.csv,1
session_2272584671.csv,1
session_2290361531.csv,0
session_2305469177.csv,1
session_2318637737.csv,0
session_2320125003.csv,1
session_2336058051.csv,1
session_2363410078.csv,0
session_2368259027.csv,1
session_2375808482.csv,1
session_2381827805.csv,1
session_2383353199.csv,1
session_2386499713.csv,1
session_2389761713.csv,1
session_2412921544.csv,1
session_2426108754.csv,1
session_2472958094.csv,0
session_2476629136.csv,0
session_2494483407.csv,0
session_2532367006.csv,0
session_2540441733.csv,0
session_2541149709.csv,1
session_2547686354.csv,1
session_2585594441.csv,1
session_2590894741.csv,1
session_2592273518.csv,0
session_2613999059.csv,0
session_2617473265.csv,0
session_2636442787.csv,0
session_2671379191.csv,1
session_2676613576.csv,0
session_2681498481.csv,0
session_2683617861.csv,0
session_2689331954.csv,1
session_2691409086.csv,0
session_2694965772.csv,1
session_2715537964.csv,1
session_2726751248.csv,1
session_2730276507.csv,1
session_2751066909.csv,1
session_2751916214.csv,0
session_2760097341.csv,1
session_2773924704.csv,0
session_2776997709.csv,0
session_2778964895.csv,0
session_2806235778.csv,0
session_2809105327.csv,1
session_2853115772.csv,1
session_2861116304.csv,0
session_2878525110.csv,1
session_2887480941.csv,0
session_2923450227.csv,1
session_2926423726.csv,0
session_2931074825.csv,1
session_2953697423.csv,1
session_2977418379.csv,1
session_3005678154.csv,1
session_3014121416.csv,1
session_3016761703.csv,0
session_3028558496.csv,1
session_3051589624.csv,1
session_3067782503.csv,0
session_3071944492.csv,0
session_3077149461.csv,1
session_3097489009.csv,1
session_3101765401.csv,0
session_3102058551.csv,0
session_3116416990.csv,1
session_3147629890.csv,1
session_3155649031.csv,1
session_3161171774.csv,0
session_3163625589.csv,0
session_3170574491.csv,0
session_3172392634.csv,1
session_3173348385.csv,0
session_3182721337.csv,1
session_3193098342.csv,0
session_3203109772.csv,1
session_3206758270.csv,0
session_3212035675.csv,0
session_3226676976.csv,0
session_3230049516.csv,0
session_3236365486.csv,1
session_3267760096.csv,0
session_3269754223.csv,1
session_3277767566.csv,1
session_3290502212.csv,0
session_3315925736.csv,1
session_3318991223.csv,0
session_3319050185.csv,1
session_3343831517.csv,0
session_3348997730.csv,0
session_3349837388.csv,0
session_3360873587.csv,0
session_3367539943.csv,0
session_3376026513.csv,0
session_3379861047.csv,1
session_3382231612.csv,0
session_3387344935.csv,1
session_3389870646.csv,1
session_3393326634.csv,0
session_3436410606.csv,1
session_3452570104.csv,1
session_3473124800.csv,0
session_3482932637.csv,0
session_3487526409.csv,0
session_3496233301.csv,1
session_3524810503.csv,1
session_3535166347.csv,0
session_3561215335.csv,1
session_3567705649.csv,1
session_3571551367.csv,0
session_3573257812.csv,0
session_3582091129.csv,0
session_3583196291.csv,0
session_3603344105.csv,1
session_3635374508.csv,0
session_3641521673.csv,0
session_3656309644.csv,1
session_3657391768.csv,0
session_3659572440.csv,0
session_3660445831.csv,1
session_3669155019.csv,1
session_3678562948.csv,0
session_3683562482.csv,1
session_3684692596.csv,0
session_3696132790.csv,1
session_3704248627.csv,0
session_3726985009.csv,0
session_3735387695.csv,1
session_3735537656.csv,1
session_3735635217.csv,0
session_3748528962.csv,1
session_3760606976.csv,1
session_3762712464.csv,1
session_3777853846.csv,0
session_3780421656.csv,0
session_3791802350.csv,1
session_3807007352.csv,0
session_3814755566.csv,0
session_3828692242.csv,1
session_3839970917.csv,0
session_3876004338.csv,1
session_3876999904.csv,0
session_3879503861.csv,0
session_3919629858.csv,1
session_3922157039.csv,1
session_3926840201.csv,0
session_3932398331.csv,0
session_3958419196.csv,0
session_3973707215.csv,0
session_3974162531.csv,1
session_3981019566.csv,0
session_3985625607.csv,0
session_4026966824.csv,1
session_4037858026.csv,0
session_4066543084.csv,1
session_4066780045.csv,1
session_4088341904.csv,1
session_4088744338.csv,0
session_4091639526.csv,1
session_4098547958.csv,1
session_4098569257.csv,1
session_4119002624.csv,0
session_4144841412.csv,1
session_4157921188.csv,1
session_4163238472.csv,1
session_4185228735.csv,1
session_4199921692.csv,0
session_4224530762.csv,0
session_4238071281.csv,0
session_4243186683.csv,0
session_4251225905.csv,1
session_4254477956.csv,1
session_4262101552.csv,0
session_4265171670.csv,1
session_4269912456.csv,1
session_4282931799.csv,0
session_4289581476.csv,1
session_4290136840.csv,1
session_4322210317.csv,1
session_4331334148.csv,1
session_4339216244.csv,0
session_4339907415.csv,1
session_4354218638.csv,0
session_4360886220.csv,0
session_4383618618.csv,1
session_4386624259.csv,1
session_4414280148.csv,0
session_4423579184.csv,0
session_4432555629.csv,1
session_4480398495.csv,1
session_4481103124.csv,1
session_4484768740.csv,0
session_4498932663.csv,1
session_4506008213.csv,0
session_4518223786.csv,0
session_4559429580.csv,1
session_4600074976.csv,0
session_4615055511.csv,1
session_4619254586.csv,1
session_4659905162.csv,0
session_4687655362.csv,0
session_4736309542.csv,0
session_4741380705.csv,0
session_4746240778.csv,0
session_4762909710.csv,1
session_4767254104.csv,1
session_4794437261.csv,1
session_4803913319.csv,0
session_4804227584.csv,0
session_4814782358.csv,0
session_4844871120.csv,1
session_4873496968.csv,0
session_4876159319.csv,1
session_4896261465.csv,1
session_4905082660.csv,0
session_4948057062.csv,0
session_4949372670.csv,1
session_4962669721.csv,1
session_4970622399.csv,1
session_4998803513.csv,0
session_5013714842.csv,1
session_5016669083.csv,0
session_5023081923.csv,1
session_5026661112.csv,0
session_5030324559.csv,1
session_5035500864.csv,0
session_5035531254.csv,1
session_5037856261.csv,1
session_5041518490.csv,1
session_5046103917.csv,1
session_5052301661.csv,0
session_5071023384.csv,1
session_5088690608.csv,0
session_5090921415.csv,0
session_5123812030.csv,0
session_5127880135.csv,0
session_5130764696.csv,0
session_5138848212.csv,1
session_5158497089.csv,0
session_5160736279.csv,0
session_5197680121.csv,1
session_5205618080.csv,1
session_5222969532.csv,0
session_5226344095.csv,1
session_5248409822.csv,0
session_5256432882.csv,0
session_5269315187.csv,0
session_5269540222.csv,1
session_5289449664.csv,0
session_5290417223.csv,0
session_5291244662.csv,0
session_5312030236.csv,1
session_5319036655.csv,0
session_5321706137.csv,0
session_5340758381.csv,0
session_5346999982.csv,1
session_5352520893.csv,1
session_5415060346.csv,0
session_5425983208.csv,0
session_5445301341.csv,1
session_5445638904.csv,1
session_5453779030.csv,1
session_5466872812.csv,1
session_5476317070.csv,1
session_5483480261.csv,1
session_5487557068.csv,1
session_5496662888.csv,0
session_5497122814.csv,1
session_5499827097.csv,1
session_5517823185.csv,1
session_5518980455.csv,0
session_5527782146.csv,1
session_5528609206.csv,0
session_5536570637.csv,1
session_5556934089.csv,1
session_5567012419.csv,0
session_5572048254.csv,1
session_5576759361.csv,0
session_5577188457.csv,1
session_5594141097.csv,1
session_5623988336.csv,0
session_5652085012.csv,1
session_5653345386.csv,1
session_5685066201.csv,0
session_5690417333.csv,1
session_5695398064.csv,1
session_5700842190.csv,0
session_5745729038.csv,0
session_5746562839.csv,1
session_5747551041.csv,0
session_5760480696.csv,0
session_5764163634.csv,0
session_5771189096.csv,0
session_5771275112.csv,0
session_5796305508.csv,0
session_5806761857.csv,1
session_5811752669.csv,1
session_5823371082.csv,0
session_5884843843.csv,1
session_5889567297.csv,1
session_5894660899.csv,0
session_5896454946.csv,0
session_5924200824.csv,0
session_5931589642.csv,1
session_5938044199.csv,0
session_5938861210.csv,0
session_5958053029.csv,1
session_5967488943.csv,1
session_5968190840.csv,0
session_5982655120.csv,0
session_6007924250.csv,1
session_6013544622.csv,0
session_6051914984.csv,1
session_6056134961.csv,1
session_6088382546.csv,0
session_6100708780.csv,0
session_6102555994.csv,1
session_6106477620.csv,1
session_6112730640.csv,0
session_6119506741.csv,1
session_6120487222.csv,0
session_6129550717.csv,1
session_6142373482.csv,0
session_6167829880.csv,0
session_6179037141.csv,1
session_6186753676.csv,1
session_6189139492.csv,0
session_6200753435.csv,1
session_6228883788.csv,1
session_6229277499.csv,0
session_6237417362.csv,1
session_6237876052.csv,0
session_6278669958.csv,0
session_6295392963.csv,1
session_6303895598.csv,0
session_6304072815.csv,0
session_6320970139.csv,1
session_6349231133.csv,0
session_6350129821.csv,0
session_6399026328.csv,1
session_6410652005.csv,1
session_6419217298.csv,0
session_6425950736.csv,1
session_6446737316.csv,0
session_6448386600.csv,0
session_6452949084.csv,1
session_6464183153.csv,1
session_6468388206.csv,0
session_6471969473.csv,0
session_6479266110.csv,1
session_6479783256.csv,0
session_6480157843.csv,1
session_6490827344.csv,1
session_6497918859.csv,1
session_6509364535.csv,0
session_6527951269.csv,0
session_6529033101.csv,0
session_6555326593.csv,0
session_6556036411.csv,1
session_6568302079.csv,1
session_6575637744.csv,0
session_6581338506.csv,0
session_6617825429.csv,1
session_6637610294.csv,1
session_6638271928.csv,1
session_6657360579.csv,1
session_6679825465.csv,0
session_6695269196.csv,1
session_6705777193.csv,1
session_6706849000.csv,1
session_6710819502.csv,0
session_6721137284.csv,0
session_6723163956.csv,1
session_6738388054.csv,1
session_6747468371.csv,0
session_6751955279.csv,1
session_6775680298.csv,0
session_6803917267.csv,1
session_6816047521.csv,1
session_6829066411.csv,0
session_6835145359.csv,0
session_6835186342.csv,0
session_6845822655.csv,0
session_6869635181.csv,0
session_6871552747.csv,1
session_6873559742.csv,0
session_6891188294.csv,1
session_6896514118.csv,1
session_6905592155.csv,0
session_6915176151.csv,0
session_6933816157.csv,1
session_6951064037.csv,1
session_6965771386.csv,1
session_6970752744.csv,1
session_6974460768.csv,1
session_6982446047.csv,1
session_6989962465.csv,0
session_7011327614.csv,1
session_7035039573.csv,1
session_7053852427.csv,1
session_7071815036.csv,0
session_7093950723.csv,1
session_7096197451.csv,0
session_7100038229.csv,1
session_7103728864.csv,0
session_7131856482.csv,0
session_7144916399.csv,1
session_7157064073.csv,1
session_7168735362.csv,0
session_7177007633.csv,1
session_7208965815.csv,0
session_7217479988.csv,1
session_7251443361.csv,1
session_7259628766.csv,0
session_7273363943.csv,1
session_7288721890.csv,0
session_7323696974.csv,1
session_7326699927.csv,1
session_7331556356.csv,1
session_7354123043.csv,1
session_7358104277.csv,1
session_7370016891.csv,1
session_7370840078.csv,1
session_7388997727.csv,0
session_7394343234.csv,0
session_7395469781.csv,1
session_7398972341.csv,1
session_7418988874.csv,0
session_7422270211.csv,0
session_7422282952.csv,0
session_7434938340.csv,1
session_7437771065.csv,1
session_7451527108.csv,0
session_7454853209.csv,1
session_7471072415.csv,1
session_7473209927.csv,0
session_7489987884.csv,0
session_7534749559.csv,1
session_7555995161.csv,1
session_7562248450.csv,1
session_7575485743.csv,0
session_7580547206.csv,0
session_7583047056.csv,0
session_7589485664.csv,0
session_7614908860.csv,1
session_7618706636.csv,0
session_7648037009.csv,1
session_7667901628.csv,0
session_7684485021.csv,1
session_7690305433.csv,0
session_7729762375.csv,0
session_7744249581.csv,1
session_7756203951.csv,1
session_7756346661.csv,0
session_7760528986.csv,0
session_7768986100.csv,0
session_7772954143.csv,1
session_7778589669.csv,0
session_7779665504.csv,0
session_7780444958.csv,0
session_7788563873.csv,1
session_7800181258.csv,0
session_7800269296.csv,1
session_7800887945.csv,1
session_7818234002.csv,1
session_7850373093.csv,0
session_7861130331.csv,1
session_7873949379.csv,1
session_7896781089.csv,1
session_7907939720.csv,0
session_7914718036.csv,1
session_7933738052.csv,1
session_7935100368.csv,1
session_7944252331.csv,1
session_7953065762.csv,0
session_7967310508.csv,0
session_7970857766.csv,0
session_7976664538.csv,0
session_7979911880.csv,0
session_7986274484.csv,1
session_7989414599.csv,1
session_7992883230.csv,1
session_7997263430.csv,0
session_8014286229.csv,1
session_8015250878.csv,0
session_8042510915.csv,0
session_8055688583.csv,0
session_8067504883.csv,0
session_8069308945.csv,0
session_8070684894.csv,1
session_8082239300.csv,0
session_8091715457.csv,1
session_8115384066.csv,0
session_8119180048.csv,0
session_8140667141.csv,0
session_8185572921.csv,1
session_8199358611.csv,0
session_8200552592.csv,1
session_8214714439.csv,0
session_8271683052.csv,1
session_8281638783.csv,1
session_8291380356.csv,0
session_8297767726.csv,0
session_8301590977.csv,0
session_8340206664.csv,1
session_8348355115.csv,0
session_8351091371.csv,1
session_8361853378.csv,0
session_8364143294.csv,1
session_8389698709.csv,0
session_8399176672.csv,1
session_8407883787.csv,1
session_8423329764.csv,0
session_8423566466.csv,0
session_8427974282.csv,1
session_8431086878.csv,1
session_8439483653.csv,0
session_8439712811.csv,0
session_8452199606.csv,0
session_8456906043.csv,1
session_8478632285.csv,1
session_8534613968.csv,0
session_8557723888.csv,1
session_8583637812.csv,0
session_8602611959.csv,1
session_8604010887.csv,0
session_8627031256.csv,0
session_8627857957.csv,1
session_8636893699.csv,0
session_8639984402.csv,1
session_8653789319.csv,1
session_8658186994.csv,1
session_8671492463.csv,1
session_8674602823.csv,0
session_8675020847.csv,1
session_8680283238.csv,0
session_8687623726.csv,1
session_8689827198.csv,1
session_8691825471.csv,0
session_8701118698.csv,1
session_8719700167.csv,1
session_8728901791.csv,1
session_8740037149.csv,1
session_8742024614.csv,1
session_8769574094.csv,0
session_8769983957.csv,1
session_8770654755.csv,0
session_8776482178.csv,0
session_8810377918.csv,1
session_8811009703.csv,0
session_8819855375.csv,1
session_8823455059.csv,1
session_8831138885.csv,1
session_8833850952.csv,1
session_8857212561.csv,1
session_8862058156.csv,1
session_8883281313.csv,1
session_8884379611.csv,0
session_8916797638.csv,1
session_8927734902.csv,0
session_8934034457.csv,1
session_8950902312.csv,1
session_8957360206.csv,1
session_8989374051.csv,0
session_8999428064.csv,1
session_9000198916.csv,0
session_9020534315.csv,0
session_9034407980.csv,1
session_9038755287.csv,0
session_9046061162.csv,0
session_9057489846.csv,1
session_9064183032.csv,0
session_9067768063.csv,1
session_9072596713.csv,1
session_9086606611.csv,0
session_9100599511.csv,0
session_9127961354.csv,1
session_9127984644.csv,1
session_9160177818.csv,1
session_9183184177.csv,0
session_9197162417.csv,0
session_9203064974.csv,0
session_9278196183.csv,0
session_9307936288.csv,1
session_9316476581.csv,1
session_9362179236.csv,0
session_9387370115.csv,0
session_9395770534.csv,0
session_9411417025.csv,0
session_9418948998.csv,1
session_9477322863.csv,0
session_9495657954.csv,1
session_9495997885.csv,0
session_9497021147.csv,0
session_9501338931.csv,1
session_9505884451.csv,0
session_9506925023.csv,0
session_9518245436.csv,1
session_9525615730.csv,1
session_9551087650.csv,1
session_9579651012.csv,1
session_9629836105.csv,0
session_9646127676.csv,1
session_9648839315.csv,0
session_9653209270.csv,0
session_9667273084.csv,1
session_9673398856.csv,0
session_9674716665.csv,1
session_9689083079.csv,0
session_9693789671.csv,1
session_9705613967.csv,0
session_9708106289.csv,1
session_9716805694.csv,0
session_9729063367.csv,0
session_9740386657.csv,0
session_9753314758.csv,1
session_9759261305.csv,1
session_9767538073.csv,1
session_9787004965.csv,1
session_9791921163.csv,0
session_9794510496.csv,0
session_9795347408.csv,1
session_9809839685.csv,0
session_9814859818.csv,0
session_9816302916.csv,1
session_9821034386.csv,1
session_9830083627.csv,1
session_9839818954.csv,0
session_9877366244.csv,0
session_9877506321.csv,1
session_9880892041.csv,0
session_9896236015.csv,0
session_9899715696.csv,0
session_9904426178.csv,0
session_9913386649.csv,0
session_9916663391.csv,1
session_9919383972.csv,0
session_9921687223.csv,0
session_9924186646.csv,0
session_9932324920.csv,0
session_9938110038.csv,0
session_9951071945.csv,1
session_9956793065.csv,0
session_9973193301.csv,0
session_9983042278.csv,1